[
  {
    "sr_no": 1,
    "date": "26/11/2024",
    "from": "khadan",
    "to": "parsodi site",
    "material": "gsb",
    "quantity": 500,
    "unit": "cft",
    "material_rate": 10,
    "transportation_rate": 8,
    "royalty_rate": 8,
    "total": 26,
    "final_amount": 13000,
    "vehicle_no": "mh 31 bg 8085",
    "royalty_status": "given-254585",
    "cash_credit_sales": "credit sales",
    "remark": "told by rsm sir",
    "id_no_id_name": "saurabh 123"
  },
  {
    "sr_no": 2,
    "date": "27/11/2024",
    "from": "ghodegaon",
    "to": "amravati site",
    "material": "sand",
    "quantity": 300,
    "unit": "cft",
    "material_rate": 15,
    "transportation_rate": 10,
    "royalty_rate": 5,
    "total": 30,
    "final_amount": 9000,
    "vehicle_no": "mh 12 ab 4567",
    "royalty_status": "pending",
    "cash_credit_sales": "cash sales",
    "remark": "urgent delivery",
    "id_no_id_name": "rahul 456"
  },
  {
    "sr_no": 3,
    "date": "28/11/2024",
    "from": "umred",
    "to": "nagpur site",
    "material": "aggregate",
    "quantity": 600,
    "unit": "cft",
    "material_rate": 12,
    "transportation_rate": 9,
    "royalty_rate": 6,
    "total": 27,
    "final_amount": 16200,
    "vehicle_no": "mh 34 cd 7890",
    "royalty_status": "given-784512",
    "cash_credit_sales": "credit sales",
    "remark": "verified by supervisor",
    "id_no_id_name": "akash 789"
  },
  {
    "sr_no": 4,
    "date": "29/11/2024",
    "from": "wardha",
    "to": "yavatmal site",
    "material": "bricks",
    "quantity": 800,
    "unit": "pieces",
    "material_rate": 5,
    "transportation_rate": 4,
    "royalty_rate": 3,
    "total": 12,
    "final_amount": 9600,
    "vehicle_no": "mh 20 ef 3456",
    "royalty_status": "given-325648",
    "cash_credit_sales": "cash sales",
    "remark": "inspection pending",
    "id_no_id_name": "nilesh 234"
  }
]
